id	work	retrieval_url	local_file	sha256	scope_checked	access_status
L1	Burrows & Leino, Finding stale-value errors in concurrent programs (CCPE 16(12) 2004; DOI 10.1002/cpe.866), author manuscript krml107	https://www.microsoft.com/en-us/research/wp-content/uploads/2016/12/krml107.pdf	pdf/burrows_leino_stale.pdf; txt/burrows_leino_stale.txt	c74aabbb604066f7ffda822bf4928f1fd74ee46f93e14624cb1a0f7a7c8f43c0	full text (manuscript; not diffed against Wiley published version)	full
L2	Leesatapornwongsa, Lukman, Lu, Gunawi, TaxDC (ASPLOS 2016; DOI 10.1145/2872362.2872374)	https://raw.githubusercontent.com/ucare-uchicago/ucare-html/87a6a05aa681a3f4d8993e0b84f786c9b994babc/pdf/asplos16-TaxDC.pdf	pdf/taxdc_asplos16.pdf; txt/taxdc_asplos16.txt	9d81b28f7b4e0f1e7f060ef6e191137939438841c420028f3f60524e8b75b4d8	full text read for abstract, Table 1, 2.6, 3.1, 5.1-5.2, 6, 8.4; other sections grep only	full (authors' lab-site repo)
L3	Burckhardt, Kothari, Musuvathi, Nagarakatte, PCT randomized scheduler (ASPLOS 2010)	https://www.microsoft.com/en-us/research/wp-content/uploads/2016/02/asplos277-pct.pdf	pdf/pct_asplos10.pdf; txt/pct_asplos10.txt	abda19d52b7617fba2349098f3024c8417ad3f837f4f5771f1b20e70877e44a4	2, 2.3, 2.3.1, Fig.1 caption (used only as secondary restatement of Lu et al. ordering bugs)	full
L4	P: Safe Asynchronous Event-Driven Programming, MSR-TR-2012-116	https://www.microsoft.com/en-us/research/wp-content/uploads/2016/02/tr-8.pdf	pdf/p_lang_tr8.pdf; txt/p_lang_tr8.txt	277e70ada470bf515c1da9b8065173e94bb07717d73b5fe1d5acafe3c58d0a4e	abstract; 'Deferred and ignored events' and 'Unhandled events' paragraphs (txt lines 164-209)	full
L5	Lu, Park, Seo, Zhou, Learning from Mistakes (ASPLOS 2008; DOI 10.1145/1346281.1346323)	https://www.microsoft.com/en-us/research/publication/learning-from-mistakes-a-comprehensive-study-on-real-world-concurrency-bug-characteristics/	(not saved; abstract quoted in findings)	-	abstract only (MSR publication page); full text blocked (dl.acm.org)	abstract only
C1	Erlang/OTP Dialyzer race analysis (Christakis & Sagonas PADL 2010 implementation)	https://raw.githubusercontent.com/erlang/otp/OTP-24.3.4/lib/dialyzer/src/dialyzer_races.erl	code/dialyzer_races_OTP-24.3.4.erl	48e4cf50c7a92e35c4f99cac1effe30058edd57180b748eed6b84e66ed0c9aec	lines 15-55 (header, warning tags), 298-301, 2318-2335	code
C2	Dialyzer release notes (race_conditions option added in 2.1.0; removed in 5.0 / OTP-17819)	https://raw.githubusercontent.com/erlang/otp/OTP-25.0/lib/dialyzer/doc/src/notes.xml	code/dialyzer_notes_OTP-25.0.xml	6afaa4103fc8d95f423760b3d570d0e8304c3bcf0fefac44403340ffee74cb61	lines 35, 68-74, 2186, 2199-2204	code
C3	Goblint analyzer HEAD d0ee7d5b0e2b6c12f0d33a285973397ab29eb9fa (2026-09-30)	https://raw.githubusercontent.com/goblint/analyzer/d0ee7d5b0e2b6c12f0d33a285973397ab29eb9fa/src/	code/goblint_raceAnalysis.ml; code/goblint_mHP.ml; code/goblint_creationLockset.ml; code/goblint_index.md	see sha256sum of code/	module headers; mHP.ml lines 1-60	code
C4	Goblint v1.1.0 (tag commit a8a2e9c43213a48bdb42db1f9b1b45491ddf9128) OSEK and ARINC analyses	https://raw.githubusercontent.com/goblint/analyzer/v1.1.0/src/analyses/{osek,arinc}.ml	code/goblint_v1.1.0_osek.ml; code/goblint_v1.1.0_arinc.ml; code/goblint_v1.1.0_arincDomain.ml	see sha256sum of code/	arinc.ml lines 1-25, 99-245 (grep); osek.ml grep for resources/ceiling/ISR; absent at v1.0.0 and v2.0.0 paths (HTTP 404)	code
C5	EventRacer repo README (eth-sri/EventRacer @ 07ced1cc7e92e5f2e1f7284c06c52ae40873b5a3)	https://raw.githubusercontent.com/eth-sri/EventRacer/07ced1cc7e92e5f2e1f7284c06c52ae40873b5a3/README.md	code/eventracer_README.md	603cd6e8a24cd497f1d9c6191c4692cda77123acde8ef9e25f7e6f8b6fdad5fb	whole README	code
C6	FCatch project site (haopeng-liu/FCatch @ ab7ed6b50f803dfdbcd5a05fec0c7d73b1748973)	https://raw.githubusercontent.com/haopeng-liu/FCatch/ab7ed6b50f803dfdbcd5a05fec0c7d73b1748973/{index,model,tool}.md	code/fcatch_*.md	see sha256sum of code/	whole pages	code/site
C7	ZeroMQ Guide ch.1 'slow joiner' (booksbyus/zguide @ 6752d24b215997aa161e6896941bfd6010d4d3f5)	https://raw.githubusercontent.com/booksbyus/zguide/6752d24b215997aa161e6896941bfd6010d4d3f5/chapter1.txt	code/zguide_chapter1.txt	551da4c09a42a7c072b20861785c47eeedfbba1637f72f18cfd2b0d95f8d0905	lines 215-224, 343	doc
C8	ROS 2 QoS documentation (ros2/ros2_documentation @ e2388aa72c17598a54fa228df6e9e9a44c5e7aec)	https://raw.githubusercontent.com/ros2/ros2_documentation/e2388aa72c17598a54fa228df6e9e9a44c5e7aec/source/ROS-Framework/interfaces/topics/About-Quality-of-Service-Settings.rst	code/ros2_qos.rst	6a685b99b5afc04b22df9c8d51bf3317c6e964b3a064f5231398a5af09709745	lines 48-51, 81, 97, 103	doc
X1	Artho, Havelund, Biere, High-level data races (STVR 13(4) 2003)	people.kth.se / ntrs.nasa.gov / fmv.jku.at / havelund.com	-	-	search-engine summary only	BLOCKED (proxy 403 on all hosts)
X2	Artho, Havelund, Biere, Block-local atomicity / stale values (ATVA 2004, LNCS 3299)	people.kth.se/~artho/papers/bl-atomicity.pdf	-	-	search-engine summary of abstract	BLOCKED
X3	Flanagan & Qadeer, A type and effect system for atomicity (PLDI 2003)	dl.acm.org	-	-	search-engine summary	BLOCKED
X4	Lu, Tucek, Qin, Zhou, AVIO (ASPLOS 2006; DOI 10.1145/1168857.1168864)	people.cs.uchicago.edu/~shanlu/preprint/asplos062-lu.pdf	-	-	search-engine summary	BLOCKED
X5	Netzer & Miller, What are race conditions? (LOPLAS 1(1) 1992); Optimal tracing and replay (1992); Netzer, Brennan, Damodaran-Kamal SPDT 1996	dl.acm.org / springer	-	-	search-engine summary	BLOCKED
X6	Bagherzadeh & Rajan, Order Types (AGERE 2017)	mbagherz.bitbucket.io (blocked); bitbucket.org raw 404 / auth	-	-	relies on revision note R05 (not re-verified here)	BLOCKED
X7	Christakis & Sagonas PADL 2010 / PADL 2011	mariachris.github.io, kar.kent.ac.uk, springer	-	-	search-engine summary + Dialyzer code (C1, C2)	BLOCKED (paper); code checked
X8	Raychev, Vechev, Sridharan EventRacer (OOPSLA 2013); Petrov et al. WebRacer (PLDI 2012); Adamsen, Moeller, Tip InitRacer (OOPSLA 2017)	files.sri.inf.ethz.ch, cs.au.dk, dl.acm.org	-	-	search-engine summary + EventRacer README	BLOCKED (papers)
X9	Maiya, Kanade, Majumdar DroidRacer (PLDI 2014); Hsiao et al. CAFA (PLDI 2014); Hu & Neamtiu SIERRA (ASPLOS 2018); Fu et al. nAdroid (CGO 2018)	various university hosts	-	-	search-engine summary	BLOCKED
X10	Liu et al. DCatch (ASPLOS 2017); Liu et al. FCatch (ASPLOS 2018)	people.cs.uchicago.edu	-	-	search-engine summary (DCatch); FCatch site C6	BLOCKED (papers)
X11	Schwarz, Seidl, Vojdani, Mueller-Olm, Lammich POPL 2011; Schwarz et al. VMCAI 2014; Vojdani et al. ASE 2016; Tulsyan, Pai, D'Souza FSTTCS 2020; Chopra et al. FM 2019	springer, dagstuhl, arxiv	-	-	search-engine summary; Goblint code C3/C4; Tulsyan per revision note R06	BLOCKED (papers)
X12	Scholar Gateway MCP full-text search	mcp__Scholar_Gateway__semanticSearch	-	-	returned 'INVALID_QUERY: Could not resolve user identity from CONNECT'	UNAVAILABLE
