system,bug_id,fault_codes,failure_codes,title
geometry2,0af76d5,CONCURRENCY:NO-SYNC,SOFTWARE:BEHAVIORAL;SYSTEM:LOSS-OF-FUNCTIONALITY,A race condition in message filter of TF2
geometry2,15b2e3c,CONCURRENCY:NO-SYNC,SOFTWARE:LIVENESS;SYSTEM:NONE,Race conditions in startup code of TF2 Buffer Server node
geometry2,245b02b,CONCURRENCY:BAD-SYNC,SOFTWARE:LIVENESS;SYSTEM:LOSS-OF-FUNCTIONALITY,A unique lock used with multiple writers
geometry2,566092b,CONCURRENCY:NO-SYNC,SOFTWARE:BEHAVIORAL;SYSTEM:LOSS-OF-FUNCTIONALITY,High check_frequency values for BufferClient break tf2
geometry2,5ad7341,CONCURRENCY:NO-SYNC,SOFTWARE:BEHAVIORAL;SYSTEM:LOSS-OF-FUNCTIONALITY,An unprotected field in otherwise thread-safe code
geometry2,74f0c66,CONCURRENCY:BAD-SYNC,SOFTWARE:LIVENESS;SYSTEM:LOSS-OF-FUNCTIONALITY,"Callbacks using locks deadlock, when callback processing happens in the critical"
kobuki,03660af,CONCURRENCY:NO-SYNC,SOFTWARE:LIVENESS;SYSTEM:BEHAVING-INCORRECTLY,Potential Race Condition on Serial Writes
kobuki,054c753,CONCURRENCY:NO-SYNC,SOFTWARE:LIVENESS;SYSTEM:UNRESPONSIVE,Terminal Becomes Unresponsive Due To Uninitialized Objects
kobuki,3c4c399,CONCURRENCY:NO-SYNC,SOFTWARE:LIVENESS;SYSTEM:BEHAVING-INCORRECTLY,Possible Race Condition When Accessing Sensor Data
kobuki,4115400,CONCURRENCY:NO-SYNC;CONFIG:NAMESPACE,SOFTWARE:BEHAVIORAL;SYSTEM:NONE,Multiple Simulated Robots Do Not Update Orientation
kobuki,5a44ead,CONCURRENCY:NO-SYNC,SOFTWARE:BEHAVIORAL;SYSTEM:BEHAVING-INCORRECTLY,Program Finishing Too Soon
kobuki,62a38a9,CONCURRENCY:NO-SYNC,SOFTWARE:CRASHING;SYSTEM:UNRESPONSIVE,Unclean termination leads to exceptions and segmentation faults
kobuki,6e748c1,CONCURRENCY:SIGNALS,SOFTWARE:LIVENESS;SYSTEM:DEGRADED-PERFORMANCE,Process Hanging in Shutdown Sequence
kobuki,f548cc7,CONCURRENCY:BAD-SYNC;CONCURRENCY:SIGNALS,SOFTWARE:CRASHING;SYSTEM:LOSS-OF-FUNCTIONALITY,Teleoperation Nodelet Crashing on Keyboard Input
mavros,1f01916,CONCURRENCY:NO-SYNC,SOFTWARE:CRASHING;SYSTEM:LOSS-OF-FUNCTIONALITY;SYSTEM:UNRESPONSIVE,Missing tcpclient lock
mavros,29af3a3,PROGRAMMING:RESOURCES;PROGRAMMING:CONTROL-FLOW;CONCURRENCY:SIGNALS,SOFTWARE:LIVENESS;SYSTEM:LOSS-OF-FUNCTIONALITY,"""mavros ignores SIGINT and `rosnode kill mavros`"""
mavros,753226d,PROGRAMMING:UNINITIALISED;CONCURRENCY:TIMING,SOFTWARE:BEHAVIORAL;SYSTEM:MONITORING,Missing assignment during construction of JointState object
ros_comm,ca23e58,CONCURRENCY:BAD-SYNC,SOFTWARE:BEHAVIORAL;SYSTEM:UNRESPONSIVE;SYSTEM:LOSS-OF-FUNCTIONALITY,Use of unsafe concurrency patterns
universal_robot,b3c2c21,PROGRAMMING:CALCULATIONS;CONCURRENCY:NO-SYNC,SOFTWARE:BEHAVIORAL;SYSTEM:BEHAVING-INCORRECTLY,Robot jumps to the first point of the new trajectory
