commit	https://github.com/nasa/cFS/commit/5a9b075cd4c818ee8555f349a9f78ba5632d0384	01,08,10
raw	https://raw.githubusercontent.com/ucare-uchicago/ucare-html/87a6a05aa681a3f4d8993e0b84f786c9b994babc/pdf/asplos16-TaxDC.pdf	01,04,06,10
blob	https://github.com/nasa/sample_app/blob/199476a34827ae84d50d66f97619227854cd971a/fsw/src/sample_app.c#L134	01,04,06
blob	https://github.com/nasa/sample_app/blob/199476a34827ae84d50d66f97619227854cd971a/fsw/src/sample_app_cmds.c#L61	01,04,06
blob	https://github.com/nasa/cFE/blob/546a002515be5a1e3b66f9ae2c14f948d9cec76f/modules/sb/fsw/src/cfe_sb_priv.c#L1032-L1131	01,03,10
blob	https://github.com/nasa/cFE/blob/546a002515be5a1e3b66f9ae2c14f948d9cec76f/modules/sb/fsw/src/cfe_sb_api.c#L936-L1110	01,03,06
blob	https://github.com/nasa/cFE/blob/546a002515be5a1e3b66f9ae2c14f948d9cec76f/modules/core_api/fsw/inc/cfe_sb.h#L440-L479	01,03,10
blob	https://github.com/nasa/cFE/blob/546a002515be5a1e3b66f9ae2c14f948d9cec76f/modules/es/fsw/src/cfe_es_api.c#L514-L619	01,09,10
blob	https://github.com/nasa/cFE/blob/546a002515be5a1e3b66f9ae2c14f948d9cec76f/modules/tbl/fsw/src/cfe_tbl_accdesc.h#L54-L64	01,03,10
blob	https://github.com/nasa/cFE/blob/546a002515be5a1e3b66f9ae2c14f948d9cec76f/modules/es/fsw/src/cfe_es_appctrl.c#L318-L379	01
blob	https://github.com/nasa/cFE/blob/546a002515be5a1e3b66f9ae2c14f948d9cec76f/modules/es/fsw/src/cfe_es_resource.c#L308-L338	01,03,10
blob	https://github.com/nasa/cFE/blob/546a002515be5a1e3b66f9ae2c14f948d9cec76f/modules/sb/fsw/src/cfe_sb_priv.c#L1091-L1097	01,02,03,08,10
blob	https://github.com/nasa/cFE/blob/546a002515be5a1e3b66f9ae2c14f948d9cec76f/modules/sb/fsw/inc/cfe_sb_internal_cfg.h#L221-L243	01,07,08,10
blob	https://github.com/nasa/cFE/blob/546a002515be5a1e3b66f9ae2c14f948d9cec76f/modules/evs/fsw/src/cfe_evs_utils.c#L190-L240	01,03,08,10
blob	https://github.com/nasa/cFE/blob/546a002515be5a1e3b66f9ae2c14f948d9cec76f/modules/evs/fsw/src/cfe_evs_task.c#L1463-L1485	01,03,10
blob	https://github.com/nasa/cFE/blob/546a002515be5a1e3b66f9ae2c14f948d9cec76f/modules/sbr/fsw/src/cfe_sbr_route_unsorted.c#L72-L114	01,03,10
blob	https://github.com/nasa/cFE/blob/546a002515be5a1e3b66f9ae2c14f948d9cec76f/modules/sb/config/default_cfe_sb_extern_typedefs.h#L114-L125	01,03,08,10
blob	https://github.com/nasa/to_lab/blob/d27c6014cb5d2979140500f635876ee87b81995b/fsw/src/to_lab_app.c#L69-L73	01,02,04,07,09,10
commit	https://github.com/nasa/to_lab/commit/d3d52da34fa195cacfd085e92d1615ea1f036d15	01,02,03,08,09,10
issue	https://github.com/nasa/HS/issues/148	01,02,10
commit	https://github.com/nasa/HS/commit/b7530d94e322032d80cfd714b2a29c2b423473cb	01,02,08,09,10
issue	https://github.com/nasa/MD/issues/79	01,02,10
blob	https://github.com/nasa/MD/blob/65eb7b3b0aa8acd05076128a623cd696582b6d7c/fsw/src/md_app.c#L423-L449	01,02,08,09,10
issue	https://github.com/nasa/LC/issues/8	01,02,08
issue	https://github.com/nasa/cFE/issues/2739	01,02
blob	https://github.com/nasa/cFE/blob/546a002515be5a1e3b66f9ae2c14f948d9cec76f/modules/msg/fsw/src/cfe_msg_integrity.c#L30-L53	01,03,04,06,08,09,10
blob	https://github.com/nasa/cFE/blob/546a002515be5a1e3b66f9ae2c14f948d9cec76f/modules/time/fsw/src/cfe_time_utils.c#L231-L315	01,03
blob	https://github.com/nasa/HK/blob/0dc16b7a7bab71747b9c063cf405ad59a65a40a5/fsw/src/hk_utils.c#L483-L504	01,03,06,07,08,09
blob	https://github.com/nasa/HK/blob/0dc16b7a7bab71747b9c063cf405ad59a65a40a5/fsw/inc/hk_internal_cfg.h#L57-L69	01,02,03,06,07,08,09,10
blob	https://github.com/nasa/cFE/blob/546a002515be5a1e3b66f9ae2c14f948d9cec76f/modules/evs/fsw/inc/cfe_evs_internal_cfg.h#L176-L177	01,03,10
blob	https://github.com/nasa/ogma/blob/08b384b4335cce324fac74577adc7f08e61b7cce/ogma-cli/examples/cfs-002-state-machines/db.json	01,04,09
blob	https://github.com/nasa/ogma/blob/08b384b4335cce324fac74577adc7f08e61b7cce/ogma-core/templates/cfs/copilot/fsw/src/copilot_cfs.c#L218-L239	01,06,09
blob	https://github.com/ros2/rclc/blob/3064baadeabdaca6dabfae3f8351510bdbe53071/rclc/include/rclc/executor.h#L43-L59	01,04
blob	https://github.com/nasa/cFE/blob/546a002515be5a1e3b66f9ae2c14f948d9cec76f/modules/es/fsw/src/cfe_es_start.c#L767-L876	01,02,03,06,10
blob	https://github.com/nasa/cFE/blob/546a002515be5a1e3b66f9ae2c14f948d9cec76f/modules/es/fsw/src/cfe_es_start.c#L204-L229	01,03,06,09,10
blob	https://github.com/nasa/cFE/blob/546a002515be5a1e3b66f9ae2c14f948d9cec76f/modules/core_api/fsw/inc/cfe_es.h#L440-L444	01,10
issue	https://github.com/nasa/cFE/issues/1466	01,02,03,10
pull	https://github.com/nasa/cFE/pull/2273	01,02,03,10
issue	https://github.com/nasa/cFE/issues/73	01,02,03,10
other	https://sourceforge.net/projects/coreflightexec/files/	01,02,10
issue	https://github.com/nasa/cFE/issues/2663	01,02,03,10
blob	https://github.com/nasa/cFE/blob/546a002515be5a1e3b66f9ae2c14f948d9cec76f/modules/sb/fsw/src/cfe_sb_api.c#L272-L281	01,02,03,10
blob	https://github.com/nasa/cFE/blob/546a002515be5a1e3b66f9ae2c14f948d9cec76f/modules/evs/fsw/src/cfe_evs.c#L185-L188	01,02,10
issue	https://github.com/nasa/cFE/issues/198	01,02,06,10
issue	https://github.com/nasa/CF/issues/184	01,02,10
commit	https://github.com/nasa/CF/commit/833fdbb27a26f15f2429e79392e7eb73d61abdea	01,02,06,08,09,10
blob	https://github.com/nasa/cFE/blob/546a002515be5a1e3b66f9ae2c14f948d9cec76f/modules/tbl/fsw/src/cfe_tbl_registry.c#L204-L216	01,03,10
blob	https://github.com/nasa/cFE/blob/546a002515be5a1e3b66f9ae2c14f948d9cec76f/modules/tbl/fsw/src/cfe_tbl_registry.c#L192-L196	01,02,08,09
blob	https://github.com/nasa/cFE/blob/546a002515be5a1e3b66f9ae2c14f948d9cec76f/modules/core_api/fsw/inc/cfe_tbl.h#L540-L544	01,03
blob	https://github.com/nasa/cFE/blob/546a002515be5a1e3b66f9ae2c14f948d9cec76f/modules/tbl/fsw/src/cfe_tbl_internal.c#L416-L576	01,03,10
issue	https://github.com/nasa/sample_app/issues/101	01,02,10
commit	https://github.com/nasa/sample_app/commit/61f657d940670cd59311cf1506a5fa9e7b60f8d6	01,02,06,08,09
blob	https://github.com/nasa/cFE/blob/546a002515be5a1e3b66f9ae2c14f948d9cec76f/modules/sb/fsw/src/cfe_sb_priv.c#L1173-L1231	01,03
blob	https://github.com/nasa/cFE/blob/546a002515be5a1e3b66f9ae2c14f948d9cec76f/modules/core_api/fsw/inc/cfe_sb.h#L238-L244	01,03,10
blob	https://github.com/nasa/cFE/blob/546a002515be5a1e3b66f9ae2c14f948d9cec76f/modules/core_api/fsw/inc/cfe_sb.h#L417-L422	01,03,06
blob	https://github.com/nasa/osal/blob/dad0ee99c121f2ecc11f8c0798c1e836e41d8ab1/src/os/posix/src/os-impl-queues.c#L285-L323	01,03,08,09,10
blob	https://github.com/nasa/cFE/blob/546a002515be5a1e3b66f9ae2c14f948d9cec76f/modules/es/fsw/src/cfe_es_apps.c#L1047-L1119	01,10
blob	https://github.com/nasa/cFE/blob/546a002515be5a1e3b66f9ae2c14f948d9cec76f/modules/sb/fsw/src/cfe_sb_priv.c#L87-L124	01,03,08,10
blob	https://github.com/nasa/cFE/blob/546a002515be5a1e3b66f9ae2c14f948d9cec76f/modules/tbl/fsw/src/cfe_tbl_registry.c#L302-L365	01,10
blob	https://github.com/nasa/osal/blob/dad0ee99c121f2ecc11f8c0798c1e836e41d8ab1/src/os/posix/src/os-impl-tasks.c#L333-L446	01,03
blob	https://github.com/nasa/cFE/blob/546a002515be5a1e3b66f9ae2c14f948d9cec76f/cmake/sample_defs/native_osconfig.cmake#L22-L39	01,03,10
blob	https://github.com/nasa/osal/blob/dad0ee99c121f2ecc11f8c0798c1e836e41d8ab1/src/os/posix/src/os-impl-queues.c#L97-L129	01
blob	https://github.com/nasa/cFE/blob/546a002515be5a1e3b66f9ae2c14f948d9cec76f/modules/core_api/config/eds_cfe_core_api_msgid_mapping.h#L37-L66	01,03,04,07,08,10
blob	https://github.com/nasa/HK/blob/0dc16b7a7bab71747b9c063cf405ad59a65a40a5/fsw/src/hk_utils.c#L316-L324	01,03,04,10
blob	https://github.com/nasa/cFS/blob/5a9b075cd4c818ee8555f349a9f78ba5632d0384/sample_defs/tables/sch_lab_table.c#L55-L79	01,10
blob	https://github.com/nasa/to_lab/blob/d27c6014cb5d2979140500f635876ee87b81995b/fsw/src/to_lab_cmds.c#L216-L219	01,03,04,10
blob	https://github.com/nasa/cFE/blob/546a002515be5a1e3b66f9ae2c14f948d9cec76f/modules/sb/fsw/src/cfe_sb_task.c#L440-L468	01
issue	https://github.com/nasa/cFE/issues/950	01,02,10
commit	https://github.com/nasa/cFE/commit/dd596c9618c2d425570295419ed55b7e61862783	01,02
issue	https://github.com/nasa/cFE/issues/1034	01,02
issue	https://github.com/nasa/cFE/issues/1073	01,02
commit	https://github.com/nasa/cFE/commit/b17cd1e3394efe061bc58c76cf6424e96d1c2fc4	01,02
other	https://arxiv.org/abs/2608.14532	01,04
other	https://www.ndss-symposium.org/wp-content/uploads/spacesec2024-57-paper.pdf	01
blob	https://github.com/nasa/cFE/blob/546a002515be5a1e3b66f9ae2c14f948d9cec76f/modules/core_api/fsw/inc/cfe_sb.h#L530-L634	01,03
other	https://www.microsoft.com/en-us/research/wp-content/uploads/2016/02/asplos277-pct.pdf	01,04
other	https://www.microsoft.com/en-us/research/publication/learning-from-mistakes-a-comprehensive-study-on-real-world-concurrency-bug-characteristics/	01,04
other	https://havelund.com/publications/	01
other	https://www.microsoft.com/en-us/research/wp-content/uploads/2016/12/krml107.pdf	01,04,06
blob	https://github.com/eth-sri/EventRacer/blob/07ced1cc7e92e5f2e1f7284c06c52ae40873b5a3/README.md	01,04
other	https://www.microsoft.com/en-us/research/wp-content/uploads/2016/02/tr-8.pdf	01,04,06
blob	https://github.com/booksbyus/zguide/blob/6752d24b215997aa161e6896941bfd6010d4d3f5/chapter1.txt#L215-L224	01,04
blob	https://github.com/ros2/ros2_documentation/blob/e2388aa72c17598a54fa228df6e9e9a44c5e7aec/source/ROS-Framework/interfaces/topics/About-Quality-of-Service-Settings.rst#L48-L61	01,04,10
blob	https://github.com/tu-dortmund-ls12-rt/E2EEvaluation/blob/18347b7b1e848033659ce8914ef45c40195b6d68/README.md	01,04
blob	https://github.com/nasa/cFE/blob/546a002515be5a1e3b66f9ae2c14f948d9cec76f/modules/sb/fsw/inc/cfe_sb_fcncodes.h#L432-L462	01
blob	https://github.com/cmu-rss-lab/rosdiscover-evaluation/blob/4648ad9d3c35b1c167130c3d592da2ab395b1ae9/paper.pdf	01,04,10
blob	https://github.com/github/codeql/blob/f1d3f1defc5ca73bcf1ed48031fb31c62fd91952/cpp/ql/lib/semmle/code/cpp/ir/dataflow/internal/DataFlowPrivate.qll#L93-L120	01,04,06,10
blob	https://github.com/nasa/cFE/blob/546a002515be5a1e3b66f9ae2c14f948d9cec76f/modules/cfe_testcase/src/sb_sendrecv_test.c#L103-L107	01,03,10
raw	https://raw.githubusercontent.com/clegoues/clegoues.github.io/master/assets/papers/Duerschmid2024ROSInfer.pdf	01,04,06,10
blob	https://github.com/FireflySpace/fprime-topo-analysis/blob/f0db61c55e04c2e60a076656eddaf9490316be69/README.md#L545-L560	01,04,10
blob	https://github.com/goblint/analyzer/blob/5e1a53e2c87660f8be8a3bbd43b64075fc15233d/src/analyses/arinc.ml#L545-L560	01,04,10
raw	https://raw.githubusercontent.com/cpu0/gutenberg/2338b2e24640a2d6553326ff5f05a6b6bc079348/NASA_NTRS_Archive_20090005965/NASA_NTRS_Archive_20090005965_djvu.txt	01,02,10
other	https://gcn.nasa.gov/circulars/22706	02,10
other	https://gcn.nasa.gov/circulars/32397	02,10
other	https://gcn.nasa.gov/circulars/34691	02,10
other	https://gcn.nasa.gov/circulars/43470	02,10
other	https://gcn.nasa.gov/circulars/21077	02,10
other	https://gcn.nasa.gov/circulars/14910	02
other	https://gcn.nasa.gov/circulars/14920	02
other	https://gcn.nasa.gov/circulars/15695	02
other	https://gcn.nasa.gov/circulars/17919	02
other	https://gcn.nasa.gov/circulars/19982	02
other	https://gcn.nasa.gov/circulars/20555	02
other	https://gcn.nasa.gov/circulars/21190	02
other	https://gcn.nasa.gov/circulars/22940	02
other	https://gcn.nasa.gov/circulars/23260	02
other	https://arxiv.org/abs/astro-ph/0408494	02
other	https://www.semanticscholar.org/paper/a06bf55a3bee974e6abd559583cfe789129a3beb	02,04
blob	https://github.com/nasa/cFE/blob/b2765d9f905aa11f0c3b419b62233597366a7db9/cfe/fsw/cfe-core/src/es/cfe_es_start.c#L934-L952	02
blob	https://github.com/nasa/cFE/blob/b2765d9f905aa11f0c3b419b62233597366a7db9/cfe/fsw/cfe-core/src/evs/cfe_evs_utils.c#L612-L617	02,10
blob	https://github.com/nasa/cFE/blob/b2765d9f905aa11f0c3b419b62233597366a7db9/cfe/fsw/cfe-core/src/sb/cfe_sb_task.c#L206	02
blob	https://github.com/nasa/cFE/blob/546a002515be5a1e3b66f9ae2c14f948d9cec76f/cmake/mission_defaults.cmake#L21-L40	02,03
blob	https://github.com/nasa/cFE/blob/546a002515be5a1e3b66f9ae2c14f948d9cec76f/modules/evs/fsw/src/cfe_evs_utils.c#L607-L635	02,03
pull	https://github.com/nasa/cFE/pull/2820	02
issue	https://github.com/nasa/cFE/issues/71	02
issue	https://github.com/nasa/cFE/issues/72	02
issue	https://github.com/nasa/cFE/issues/105	02
commit	https://github.com/nasa/cFE/commit/b9fed681a8a90fe838c400618d2cbd27388f1323	02
blob	https://github.com/nasa/cFE/blob/792f5e3594c10e21a3560479bb72ea0584eb8ead/cfe/fsw/cfe-core/src/es/cfe_es_api.c#L651-L694	02
blob	https://github.com/nasa/cFE/blob/2661d19f45dd325daf068e81a2967cbcc08ccab8/fsw/cfe-core/src/inc/cfe_es.h#L645	02
pull	https://github.com/nasa/CF/pull/342	02
blob	https://github.com/nasa/cFE/blob/546a002515be5a1e3b66f9ae2c14f948d9cec76f/modules/es/fsw/src/cfe_es_api.c#L616-L619	02,03,06,10
issue	https://github.com/nasa/cFE/issues/926	02
issue	https://github.com/nasa/cFE/issues/918	02
issue	https://github.com/nasa/cFE/issues/2131	02
issue	https://github.com/nasa/cFE/issues/46	02,03
issue	https://github.com/nasa/cFE/issues/1544	02,03
blob	https://github.com/nasa/cFE/blob/792f5e3594c10e21a3560479bb72ea0584eb8ead/cfe/fsw/cfe-core/src/time/cfe_time_utils.c#L712-L736	02
commit	https://github.com/nasa/cFE/commit/69b0940dd9249adc4d4d2e998a610a4354c63153	02,03
issue	https://github.com/nasa/HK/issues/4	02
commit	https://github.com/nasa/sample_app/commit/693d75f23a4ab0edc1350c05e18974ed0a043ac2	02,08,09
issue	https://github.com/nasa/sch_lab/issues/24	02
commit	https://github.com/nasa/sch_lab/commit/c6342bdec008719dbcf083ac7e284a6a36ee677a	02
issue	https://github.com/nasa/DS/issues/146	02
commit	https://github.com/nasa/DS/commit/c609e35d6a09d19b5bb016395cefe305ee2a5361	02
issue	https://github.com/nasa/cFE/issues/1750	02,03
issue	https://github.com/nasa/cFE/issues/1509	02
issue	https://github.com/nasa/sample_app/issues/255	02
commit	https://github.com/nasa/cFE/commit/6932f1fe9180f4fd3f6756e4074b2c4b27a703cf	02,08,10
issue	https://github.com/nasa/cFE/issues/591	02
commit	https://github.com/nasa/cFE/commit/1b03958cb10b3c254460d38a0324bbb3a1dfb8e4	02
issue	https://github.com/nasa/cFE/issues/701	02
commit	https://github.com/nasa/osal/commit/7ba42a63fe6a7972582036dfd432ec3bf5edf8b1	02
issue	https://github.com/nasa/cFE/issues/2433	02
issue	https://github.com/nasa/cFE/issues/2107	02
issue	https://github.com/nasa/cFE/issues/1383	02
issue	https://github.com/nasa/cFE/issues/2140	02
issue	https://github.com/nasa/SBN/issues/79	02
other	https://ntrs.nasa.gov/citations/20205010026	02,04
blob	https://github.com/nasa/cFE/blob/546a002515be5a1e3b66f9ae2c14f948d9cec76f/.github/workflows/static-analysis.yml#L45-L52	02,04
blob	https://github.com/nasa/cFS/blob/5a9b075cd4c818ee8555f349a9f78ba5632d0384/.github/codeql/jpl-misra.qls#L1-L25	02,04,10
blob	https://github.com/nasa/cFE/blob/546a002515be5a1e3b66f9ae2c14f948d9cec76f/modules/sb/fsw/src/cfe_sb_api.c#L436	02,04
commit	https://github.com/nasa/cFE/commit/546a002515be5a1e3b66f9ae2c14f948d9cec76f	03,05
blob	https://github.com/nasa/cFE/blob/546a002515be5a1e3b66f9ae2c14f948d9cec76f/modules/sb/fsw/src/cfe_sb_api.c#L126-L191	03
blob	https://github.com/nasa/cFE/blob/546a002515be5a1e3b66f9ae2c14f948d9cec76f/modules/sb/fsw/src/cfe_sb_api.c#L988-L1012	03
blob	https://github.com/nasa/cFE/blob/546a002515be5a1e3b66f9ae2c14f948d9cec76f/modules/sb/fsw/src/cfe_sb_priv.c#L361-L391	03
blob	https://github.com/nasa/cFE/blob/546a002515be5a1e3b66f9ae2c14f948d9cec76f/modules/sb/fsw/inc/cfe_sb_internal_cfg.h#L107	03
blob	https://github.com/nasa/cFE/blob/546a002515be5a1e3b66f9ae2c14f948d9cec76f/modules/sb/fsw/src/cfe_sb_api.c#L1019-L1040	03
blob	https://github.com/nasa/cFE/blob/546a002515be5a1e3b66f9ae2c14f948d9cec76f/modules/sb/fsw/src/cfe_sb_api.c#L1094-L1097	03
blob	https://github.com/nasa/cFE/blob/546a002515be5a1e3b66f9ae2c14f948d9cec76f/modules/sb/fsw/src/cfe_sb_api.c#L1538-L1597	03,06
blob	https://github.com/nasa/cFE/blob/546a002515be5a1e3b66f9ae2c14f948d9cec76f/modules/sb/fsw/src/cfe_sb_priv.c#L1006-L1012	03
blob	https://github.com/nasa/cFE/blob/546a002515be5a1e3b66f9ae2c14f948d9cec76f/modules/sb/config/default_cfe_sb_msgdefs.h#L73	03
blob	https://github.com/nasa/cFE/blob/546a002515be5a1e3b66f9ae2c14f948d9cec76f/modules/sb/fsw/inc/cfe_sb_internal_cfg.h#L221-L225	03
blob	https://github.com/nasa/cFE/blob/546a002515be5a1e3b66f9ae2c14f948d9cec76f/modules/sb/fsw/src/cfe_sb_priv.c#L399-L447	03
blob	https://github.com/nasa/cFE/blob/546a002515be5a1e3b66f9ae2c14f948d9cec76f/modules/sb/fsw/src/cfe_sb_priv.c#L1194-L1230	03
blob	https://github.com/nasa/cFE/blob/546a002515be5a1e3b66f9ae2c14f948d9cec76f/modules/sb/fsw/src/cfe_sb_priv.c#L1437-L1449	03
blob	https://github.com/nasa/cFE/blob/546a002515be5a1e3b66f9ae2c14f948d9cec76f/modules/core_api/fsw/inc/cfe_sb.h#L432-L438	03
blob	https://github.com/nasa/cFE/blob/546a002515be5a1e3b66f9ae2c14f948d9cec76f/modules/sb/fsw/src/cfe_sb_api.c#L1557-L1561	03
blob	https://github.com/nasa/cFE/blob/546a002515be5a1e3b66f9ae2c14f948d9cec76f/modules/sb/fsw/src/cfe_sb_priv.c#L1122-L1129	03
blob	https://github.com/nasa/cFE/blob/546a002515be5a1e3b66f9ae2c14f948d9cec76f/modules/sb/fsw/src/cfe_sb_api.c#L1310-L1347	03,10
blob	https://github.com/nasa/cFE/blob/546a002515be5a1e3b66f9ae2c14f948d9cec76f/modules/sb/fsw/src/cfe_sb_priv.c#L1343-L1393	03
blob	https://github.com/nasa/cFE/blob/546a002515be5a1e3b66f9ae2c14f948d9cec76f/modules/sb/fsw/src/cfe_sb_priv.c#L1476-L1606	03
blob	https://github.com/nasa/cFE/blob/546a002515be5a1e3b66f9ae2c14f948d9cec76f/modules/msg/fsw/src/cfe_msg_integrity.c#L60-L76	03
blob	https://github.com/nasa/cFE/blob/546a002515be5a1e3b66f9ae2c14f948d9cec76f/modules/sb/fsw/src/cfe_sb_api.c#L1404-L1530	03
blob	https://github.com/nasa/cFE/blob/546a002515be5a1e3b66f9ae2c14f948d9cec76f/modules/sb/fsw/src/cfe_sb_task.c#L355-L468	03
blob	https://github.com/nasa/cFE/blob/546a002515be5a1e3b66f9ae2c14f948d9cec76f/modules/sb/fsw/src/cfe_sb_api.c#L352-L511	03,08
blob	https://github.com/nasa/cFE/blob/546a002515be5a1e3b66f9ae2c14f948d9cec76f/modules/sb/config/default_cfe_sb_extern_typedefs.h#L89-L105	03
blob	https://github.com/nasa/cFE/blob/546a002515be5a1e3b66f9ae2c14f948d9cec76f/modules/core_api/config/default_cfe_core_api_msgid_mapping.h#L49-L86	03
blob	https://github.com/nasa/cFE/blob/546a002515be5a1e3b66f9ae2c14f948d9cec76f/modules/evs/fsw/inc/cfe_evs_topicids.h#L54	03
blob	https://github.com/nasa/cFE/blob/546a002515be5a1e3b66f9ae2c14f948d9cec76f/modules/core_api/config/default_cfe_core_api_msgid_mapping.h#L63-L64	03
blob	https://github.com/nasa/osal/blob/dad0ee99c121f2ecc11f8c0798c1e836e41d8ab1/src/os/inc/osapi-queue.h#L117-L133	03
other	https://github.com/torvalds/linux/blob/v6.12/ipc/mqueue.c#L191-L288	03
blob	https://github.com/nasa/osal/blob/dad0ee99c121f2ecc11f8c0798c1e836e41d8ab1/src/os/posix/src/os-impl-queues.c#L59-L106	03
blob	https://github.com/nasa/osal/blob/dad0ee99c121f2ecc11f8c0798c1e836e41d8ab1/src/bsp/generic-linux/src/bsp_start.c#L66-L78	03
blob	https://github.com/nasa/osal/blob/dad0ee99c121f2ecc11f8c0798c1e836e41d8ab1/default_config.cmake#L159-L181	03
blob	https://github.com/nasa/osal/blob/dad0ee99c121f2ecc11f8c0798c1e836e41d8ab1/src/os/posix/src/os-impl-queues.c#L188-L277	03
blob	https://github.com/nasa/osal/blob/dad0ee99c121f2ecc11f8c0798c1e836e41d8ab1/src/os/posix/src/os-impl-common.c#L147-L149	03
blob	https://github.com/nasa/osal/blob/dad0ee99c121f2ecc11f8c0798c1e836e41d8ab1/src/os/rtems/src/os-impl-queues.c#L98-L256	03
blob	https://github.com/nasa/osal/blob/dad0ee99c121f2ecc11f8c0798c1e836e41d8ab1/src/os/vxworks/src/os-impl-queues.c#L76-L186	03
blob	https://github.com/nasa/osal/blob/5befd8e9f6c62b44bb7ff4c15db8629c0e00efa0/src/os/posix/src/os-impl-tasks.c#L80-L632	03
blob	https://github.com/nasa/osal/blob/5befd8e9f6c62b44bb7ff4c15db8629c0e00efa0/src/os/posix/src/os-impl-mutex.c#L82	03
blob	https://github.com/nasa/cFE/blob/546a002515be5a1e3b66f9ae2c14f948d9cec76f/modules/es/fsw/src/cfe_es_start.c#L74-L236	03,06
blob	https://github.com/nasa/cFE/blob/546a002515be5a1e3b66f9ae2c14f948d9cec76f/modules/es/fsw/src/cfe_es_global.h#L152	03
blob	https://github.com/nasa/cFE/blob/546a002515be5a1e3b66f9ae2c14f948d9cec76f/modules/es/fsw/src/cfe_es_task.c#L100-L200	03
blob	https://github.com/nasa/cFE/blob/546a002515be5a1e3b66f9ae2c14f948d9cec76f/modules/es/fsw/src/cfe_es_startupscript.c#L53-L422	03
blob	https://github.com/nasa/cFE/blob/546a002515be5a1e3b66f9ae2c14f948d9cec76f/modules/es/fsw/src/cfe_es_apps.c#L401-L684	03
blob	https://github.com/nasa/cFE/blob/546a002515be5a1e3b66f9ae2c14f948d9cec76f/modules/es/fsw/src/cfe_es_start.c#L886-L944	03,06
blob	https://github.com/nasa/cFE/blob/546a002515be5a1e3b66f9ae2c14f948d9cec76f/modules/es/fsw/inc/cfe_es_internal_cfg.h#L860-L879	03
blob	https://github.com/nasa/cFE/blob/546a002515be5a1e3b66f9ae2c14f948d9cec76f/modules/es/fsw/src/cfe_es_api.c#L514-L608	03,06
blob	https://github.com/nasa/cFE/blob/546a002515be5a1e3b66f9ae2c14f948d9cec76f/modules/core_api/fsw/inc/cfe_es.h#L390-L413	03
blob	https://github.com/nasa/cFE/blob/546a002515be5a1e3b66f9ae2c14f948d9cec76f/modules/core_api/fsw/inc/cfe_es.h#L440-L449	03
blob	https://github.com/nasa/cFE/blob/546a002515be5a1e3b66f9ae2c14f948d9cec76f/modules/es/fsw/src/cfe_es_api.c#L292-L506	03
blob	https://github.com/nasa/cFE/blob/546a002515be5a1e3b66f9ae2c14f948d9cec76f/modules/es/fsw/src/cfe_es_api.c#L1202-L1497	03
blob	https://github.com/nasa/cFE/blob/546a002515be5a1e3b66f9ae2c14f948d9cec76f/modules/es/fsw/src/cfe_es_api.c#L165-L284	03
blob	https://github.com/nasa/cFE/blob/546a002515be5a1e3b66f9ae2c14f948d9cec76f/modules/es/fsw/src/cfe_es_apps.c#L72-L113	03
blob	https://github.com/nasa/cFE/blob/546a002515be5a1e3b66f9ae2c14f948d9cec76f/modules/es/fsw/src/cfe_es_appctrl.c#L318-L499	03,10
blob	https://github.com/nasa/cFE/blob/546a002515be5a1e3b66f9ae2c14f948d9cec76f/modules/es/fsw/inc/cfe_es_internal_cfg.h#L198-L229	03
blob	https://github.com/nasa/cFE/blob/546a002515be5a1e3b66f9ae2c14f948d9cec76f/modules/es/fsw/src/cfe_es_apps.c#L855-L1119	03
blob	https://github.com/nasa/cFE/blob/546a002515be5a1e3b66f9ae2c14f948d9cec76f/modules/time/fsw/src/cfe_time_utils.c#L1018-L1041	03
blob	https://github.com/nasa/cFE/blob/546a002515be5a1e3b66f9ae2c14f948d9cec76f/modules/tbl/fsw/src/cfe_tbl_registry.c#L174-L220	03,10
blob	https://github.com/nasa/cFE/blob/546a002515be5a1e3b66f9ae2c14f948d9cec76f/modules/tbl/fsw/src/cfe_tbl_api.c#L449-L450	03
blob	https://github.com/nasa/cFE/blob/546a002515be5a1e3b66f9ae2c14f948d9cec76f/modules/tbl/fsw/src/cfe_tbl_transaction.c#L297-L315	03
blob	https://github.com/nasa/cFE/blob/546a002515be5a1e3b66f9ae2c14f948d9cec76f/modules/core_api/fsw/inc/cfe_tbl.h#L620-L624	03
blob	https://github.com/nasa/cFE/blob/546a002515be5a1e3b66f9ae2c14f948d9cec76f/modules/tbl/fsw/src/cfe_tbl_regrec.c#L375-L386	03
blob	https://github.com/nasa/cFE/blob/546a002515be5a1e3b66f9ae2c14f948d9cec76f/modules/tbl/fsw/src/cfe_tbl_internal.c#L1010	03
blob	https://github.com/nasa/cFE/blob/546a002515be5a1e3b66f9ae2c14f948d9cec76f/modules/tbl/fsw/src/cfe_tbl_api.c#L478-L509	03,10
blob	https://github.com/nasa/cFE/blob/546a002515be5a1e3b66f9ae2c14f948d9cec76f/modules/tbl/fsw/src/cfe_tbl_api.c#L184-L206	03
blob	https://github.com/nasa/cFE/blob/546a002515be5a1e3b66f9ae2c14f948d9cec76f/modules/tbl/fsw/src/cfe_tbl_regrec.c#L47-L317	03
blob	https://github.com/nasa/cFE/blob/546a002515be5a1e3b66f9ae2c14f948d9cec76f/modules/tbl/fsw/src/cfe_tbl_loadbuff.c#L434-L467	03
blob	https://github.com/nasa/cFE/blob/546a002515be5a1e3b66f9ae2c14f948d9cec76f/modules/tbl/fsw/src/cfe_tbl_api.c#L731-L781	03
blob	https://github.com/nasa/cFE/blob/546a002515be5a1e3b66f9ae2c14f948d9cec76f/modules/cfe_testcase/src/tbl_content_access_test.c#L90-L99	03
blob	https://github.com/nasa/cFE/blob/546a002515be5a1e3b66f9ae2c14f948d9cec76f/modules/tbl/fsw/src/cfe_tbl_internal.c#L416-L496	03
blob	https://github.com/nasa/cFE/blob/546a002515be5a1e3b66f9ae2c14f948d9cec76f/modules/tbl/fsw/src/cfe_tbl_load.c#L764-L821	03
blob	https://github.com/nasa/cFE/blob/546a002515be5a1e3b66f9ae2c14f948d9cec76f/modules/tbl/fsw/src/cfe_tbl_api.c#L287-L348	03,10
blob	https://github.com/nasa/cFE/blob/546a002515be5a1e3b66f9ae2c14f948d9cec76f/modules/tbl/fsw/src/cfe_tbl_load.c#L764-L952	03
blob	https://github.com/nasa/cFE/blob/546a002515be5a1e3b66f9ae2c14f948d9cec76f/modules/tbl/fsw/src/cfe_tbl_api.c#L356-L431	03
blob	https://github.com/nasa/cFE/blob/546a002515be5a1e3b66f9ae2c14f948d9cec76f/modules/tbl/fsw/src/cfe_tbl_internal.c#L584-L641	03
blob	https://github.com/nasa/cFE/blob/546a002515be5a1e3b66f9ae2c14f948d9cec76f/modules/tbl/fsw/src/cfe_tbl_accdesc.c#L169-L193	03,10
blob	https://github.com/nasa/cFE/blob/546a002515be5a1e3b66f9ae2c14f948d9cec76f/modules/tbl/fsw/src/cfe_tbl_registry.c#L136-L365	03
blob	https://github.com/nasa/cFE/blob/546a002515be5a1e3b66f9ae2c14f948d9cec76f/modules/tbl/fsw/src/cfe_tbl_regrec.c#L133-L157	03
blob	https://github.com/nasa/cFE/blob/546a002515be5a1e3b66f9ae2c14f948d9cec76f/docs/src/cfe_tbl.dox#L333-L339	03,10
blob	https://github.com/nasa/cFE/blob/546a002515be5a1e3b66f9ae2c14f948d9cec76f/modules/tbl/fsw/src/cfe_tbl_task_cmds.c#L376-L649	03
blob	https://github.com/nasa/cFE/blob/546a002515be5a1e3b66f9ae2c14f948d9cec76f/modules/tbl/fsw/src/cfe_tbl_registry.c#L406-L430	03
blob	https://github.com/nasa/cFE/blob/546a002515be5a1e3b66f9ae2c14f948d9cec76f/modules/core_api/fsw/inc/cfe_tbl.h#L754-L796	03
blob	https://github.com/nasa/cFE/blob/546a002515be5a1e3b66f9ae2c14f948d9cec76f/modules/tbl/fsw/src/cfe_tbl_api.c#L517-L595	03
blob	https://github.com/nasa/cFE/blob/546a002515be5a1e3b66f9ae2c14f948d9cec76f/modules/core_api/fsw/inc/cfe_error.h#L913-L1080	03
blob	https://github.com/nasa/cFE/blob/546a002515be5a1e3b66f9ae2c14f948d9cec76f/modules/evs/fsw/src/cfe_evs.c#L42-L161	03
blob	https://github.com/nasa/cFE/blob/546a002515be5a1e3b66f9ae2c14f948d9cec76f/modules/evs/fsw/src/cfe_evs_utils.c#L71-L182	03
blob	https://github.com/nasa/cFE/blob/546a002515be5a1e3b66f9ae2c14f948d9cec76f/modules/evs/fsw/src/cfe_evs.c#L183-L190	03
blob	https://github.com/nasa/cFE/blob/546a002515be5a1e3b66f9ae2c14f948d9cec76f/modules/sb/fsw/src/cfe_sb_init.c#L50	03
blob	https://github.com/nasa/cFE/blob/546a002515be5a1e3b66f9ae2c14f948d9cec76f/modules/sb/fsw/src/cfe_sb_task.c#L128	03
blob	https://github.com/nasa/cFE/blob/546a002515be5a1e3b66f9ae2c14f948d9cec76f/modules/time/fsw/src/cfe_time_task.c#L49-L395	03
blob	https://github.com/nasa/cFE/blob/546a002515be5a1e3b66f9ae2c14f948d9cec76f/modules/time/fsw/inc/cfe_time_internal_cfg.h#L234-L240	03
blob	https://github.com/nasa/cFE/blob/546a002515be5a1e3b66f9ae2c14f948d9cec76f/modules/time/fsw/src/cfe_time_utils.c#L262	03
blob	https://github.com/nasa/cFE/blob/546a002515be5a1e3b66f9ae2c14f948d9cec76f/modules/time/fsw/src/cfe_time_utils.c#L538-L615	03
blob	https://github.com/nasa/cFE/blob/546a002515be5a1e3b66f9ae2c14f948d9cec76f/modules/time/fsw/src/cfe_time_utils.c#L543	03
blob	https://github.com/nasa/sample_app/blob/199476a34827ae84d50d66f97619227854cd971a/fsw/src/sample_app_cmds.c#L60-L61	03
commit	https://github.com/nasa/cFE/commit/550e7f7dd349c24e234ab0881f5c13e667f05741	03,06,08,10
blob	https://github.com/nasa/cFE/blob/fa5031f3f5db91b482e947f4dc08d9103019d48e/modules/sb/fsw/src/cfe_sb_api.c#L1548-L1676	03
blob	https://github.com/nasa/HK/blob/0dc16b7a7bab71747b9c063cf405ad59a65a40a5/fsw/src/hk_utils.c#L566-L594	03
blob	https://github.com/nasa/to_lab/blob/d27c6014cb5d2979140500f635876ee87b81995b/fsw/src/to_lab_app.c#L205-L214	03
blob	https://github.com/nasa/to_lab/blob/d27c6014cb5d2979140500f635876ee87b81995b/fsw/src/to_lab_app.c#L66-L73	03,06,08
blob	https://github.com/nasa/sch_lab/blob/607e2f90c5f828f3f3ae655a4debacf8b2cc4bbb/fsw/src/sch_lab_app.c#L125-L248	03,06
blob	https://github.com/nasa/cFS/blob/5a9b075cd4c818ee8555f349a9f78ba5632d0384/sample_defs/tables/sch_lab_table.c#L57-L82	03
other	https://doi.org/10.1109/ISSRE.2016.47	04
other	https://doi.org/10.1145/1753235.1753258	04
other	https://doi.org/10.1145/3706587	04
other	https://oa.upm.es/74294/	04
other	https://arxiv.org/abs/2111.10132	04
other	https://doi.org/10.1145/3550356.3561541	04
other	https://doi.org/10.1007/s11334-025-00607-3	04
other	https://doi.org/10.1007/978-3-030-99524-9_21	04
blob	https://github.com/nasa/ogma/blob/08b384b4335cce324fac74577adc7f08e61b7cce/ogma-core/templates/cfs/copilot/fsw/src/copilot_cfs.c	04
blob	https://github.com/NASA-SW-VnV/ikos/blob/ac7f7c1738976cabc58c6a53413df6e458995c38/analyzer/README.md#L237-L257	04
other	https://ntrs.nasa.gov/api/citations/20190032510/downloads/20190032510.pdf	04
blob	https://github.com/NASA-SW-VnV/ikos/blob/ac7f7c1738976cabc58c6a53413df6e458995c38/analyzer/README.md#L528-L546	04,06,10
blob	https://github.com/NASA-SW-VnV/ikos/blob/ac7f7c1738976cabc58c6a53413df6e458995c38/TROUBLESHOOTING.md#L94-L96	04
other	https://arxiv.org/abs/2609.15425	04
blob	https://github.com/macaris64/cfs-msgid-guard/blob/4dda7e0ec384bdf10afdea33af015f7263572a2b/README.md	04
blob	https://github.com/nasa/cFE/blob/546a002515be5a1e3b66f9ae2c14f948d9cec76f/modules/sb/eds/cfe_sb.xml#L970-L1033	04,10
blob	https://github.com/nasa/EdsLib/blob/8ec0656888e79f34c28fc857b3f53879abc3e058/README.md#L1-L30	04
blob	https://github.com/nasa/ogma/blob/08b384b4335cce324fac74577adc7f08e61b7cce/ogma-core/templates/cfs/copilot/fsw/src/copilot_cfs.c#L116-L153	04
blob	https://github.com/nasa/ogma/blob/08b384b4335cce324fac74577adc7f08e61b7cce/ogma-core/src/Command/CFSApp.hs#L136-L266	04
blob	https://github.com/nasa/ogma/blob/08b384b4335cce324fac74577adc7f08e61b7cce/ogma-core/templates/cfs/copilot/fsw/src/copilot_cfs.c#L68-L80	04
blob	https://github.com/nasa/ogma/blob/08b384b4335cce324fac74577adc7f08e61b7cce/ogma-core/templates/cfs/copilot/fsw/src/copilot_cfs.c#L174-L239	04,08,10
blob	https://github.com/nasa/fpp/blob/91b474097ea1a5503139440bed661aee5e16a8ad/compiler/lib/src/main/scala/codegen/CppWriter/TopologyCppWriter/TopSetupTeardownFns.scala#L40-L68	04,10
blob	https://github.com/nasa/fpp/blob/91b474097ea1a5503139440bed661aee5e16a8ad/compiler/tools/fpp-to-cpp/test/component/base/PassiveSerialComponentAc.ref.cpp#L3146-L3176	04
blob	https://github.com/nasa/fpp/blob/91b474097ea1a5503139440bed661aee5e16a8ad/docs/spec/Specifiers/Port-Instance-Specifiers.adoc#L145-L166	04
blob	https://github.com/nasa/fprime/blob/4b58f3666fe4ca8a3cacd389aed5faf1fb32b063/.github/codeql/fprime-queries/FprimeCommandResponse.ql#L1-L15	04
blob	https://github.com/FireflySpace/fprime-topo-analysis/blob/f0db61c55e04c2e60a076656eddaf9490316be69/README.md#L1-L53	04
blob	https://github.com/FireflySpace/fprime-topo-analysis/blob/f0db61c55e04c2e60a076656eddaf9490316be69/README.md#L294-L436	04
blob	https://github.com/FireflySpace/fprime-topo-analysis/blob/f0db61c55e04c2e60a076656eddaf9490316be69/src/fprime_topology_analysis/checks.py#L50-L53	04
blob	https://github.com/goblint/analyzer/blob/5e1a53e2c87660f8be8a3bbd43b64075fc15233d/src/analyses/osek.ml#L81-L95	04
blob	https://github.com/goblint/analyzer/blob/d0ee7d5b0e2b6c12f0d33a285973397ab29eb9fa/CHANGELOG.md#L124-L127	04,10
blob	https://github.com/space-ros/docs/blob/5fa4e62f0141a78c6372bbba76f1dec4e167684b/source/Related-Projects/IKOS.rst#L33-L39	04
other	https://doi.org/10.1109/ICSA53651.2022.00019	04
other	https://doi.org/10.1145/3597503.3639206	04
blob	https://github.com/cmu-rss-lab/rosdiscover/blob/78301b86fca119cda9ad55500dcf800e56bb9504/src/rosdiscover/recover/states_analyzer.py#L30-L61	04,06
blob	https://github.com/git-afsantos/git-afsantos.github.io/blob/f7e268d0afbacf1c07c2efec8ef79f439229e642/files/2019-irc.pdf	04
blob	https://github.com/git-afsantos/hpl-specs/blob/9c2bcd5e69923137688aef2eb57b60a1fedef103/docs/lang.md#L21-L52	04
blob	https://github.com/git-afsantos/haros-plugin-electrum/blob/b3b3c111026e3ea8b20ab851efaa88a9774e7683/src/haros_plugin_electrum/templates/model.ele.jinja#L80-L96	04
blob	https://github.com/git-afsantos/haros/blob/efe832c38bfb9682ca7575337a7decd46e59beb6/haros/extractor.py#L1355-L1378	04
blob	https://github.com/pcanelas/rospec/blob/e47d6eb0e72e0fb5e00c90b7d019dcb472c40fff/src/rospec/verification/utils.py#L131-L145	04
blob	https://github.com/ros/ros_comm/blob/30483a9f218f1545eec16d3934bf3cb042e2cb5b/clients/roscpp/include/ros/node_handle.h#L236-L238	04
blob	https://github.com/eProsima/Fast-DDS-docs/blob/b2af9caf0411a407a40d80622b1e6e43c9a41577/docs/fastdds/dds_layer/core/policy/standardQosPolicies.rst#L82-L125	04
other	https://doi.org/10.1109/WCRE.2010.27	04
tree	https://github.com/robust-rosin/robust/tree/521fe75319c256995fae6f5a4b756f0bfa4bf65e	04,08
blob	https://github.com/nasa/sample_app/blob/199476a34827ae84d50d66f97619227854cd971a/fsw/src/sample_app_dispatch.c#L132-L160	04
blob	https://github.com/nasa/to_lab/blob/d27c6014cb5d2979140500f635876ee87b81995b/fsw/src/to_lab_app.c#L500-L506	04,09
blob	https://github.com/nasa/sch_lab/blob/607e2f90c5f828f3f3ae655a4debacf8b2cc4bbb/fsw/src/sch_lab_app.c#L246-L248	04
blob	https://github.com/haopeng-liu/FCatch/blob/ab7ed6b50f803dfdbcd5a05fec0c7d73b1748973/model.md	04
blob	https://github.com/goblint/analyzer/blob/d0ee7d5b0e2b6c12f0d33a285973397ab29eb9fa/src/cdomains/mHP.ml#L10-L63	04
tree	https://github.com/SBULeeLab/CGO18-nAdroid-Artifact/tree/db22a7d148b402f3b87243092bf5d8611c1bb6fc	04
other	https://github.com/erlang/otp/blob/OTP-24.3.4/lib/dialyzer/src/dialyzer_races.erl	04
other	https://github.com/erlang/otp/blob/OTP-25.0/lib/dialyzer/doc/src/notes.xml#L70-L73	04
blob	https://github.com/brandenburg/response-time-analysis-rs/blob/6530456a44416ef6144b175c413c5b022f14d104/src/ros2/ecrts19.rs	04
blob	https://github.com/ros2/ros2_documentation/blob/e2388aa72c17598a54fa228df6e9e9a44c5e7aec/source/ROS-Framework/client-libraries/About-Executors/About-Executors.rst#L189-L203	04
blob	https://github.com/HarunTeper/ros2-end-to-end/blob/59c8cbdc311bb9bd0e1fec9d8464876dd37e2f9b/README.md	04
blob	https://github.com/ros2/message_filters/blob/815ce9f9f388762ed79b0571e0157fc0234bd76b/doc/index.rst#L241-L266	04
blob	https://github.com/llvm/llvm-project/blob/ccac700c68e92a7eabcb2f745789978213f16f2d/mlir/include/mlir/Analysis/DataFlowFramework.h#L300	04,06
blob	https://github.com/llvm/llvm-project/blob/ccac700c68e92a7eabcb2f745789978213f16f2d/mlir/include/mlir/Analysis/DataFlow/Utils.h#L23-L32	04,06
blob	https://github.com/llvm/llvm-project/blob/ccac700c68e92a7eabcb2f745789978213f16f2d/mlir/lib/Analysis/DataFlow/DeadCodeAnalysis.cpp#L421-L447	04
blob	https://github.com/llvm/llvm-project/blob/ccac700c68e92a7eabcb2f745789978213f16f2d/mlir/include/mlir/Analysis/DataFlow/DenseAnalysis.h#L163-L173	04,06
blob	https://github.com/llvm/llvm-project/blob/ccac700c68e92a7eabcb2f745789978213f16f2d/mlir/lib/Analysis/AliasAnalysis/LocalAliasAnalysis.cpp#L100-L106	04,06,10
blob	https://github.com/llvm/llvm-project/blob/ccac700c68e92a7eabcb2f745789978213f16f2d/mlir/include/mlir/Dialect/LLVMIR/LLVMOps.td#L819-L824	04
blob	https://github.com/llvm/llvm-project/blob/ccac700c68e92a7eabcb2f745789978213f16f2d/mlir/docs/Rationale/SideEffectsAndSpeculation.md#L78-L121	04,06
blob	https://github.com/llvm/llvm-project/blob/ccac700c68e92a7eabcb2f745789978213f16f2d/clang/docs/CIR/index.md#L3-L7	04,07,10
blob	https://github.com/llvm/llvm-project/blob/ccac700c68e92a7eabcb2f745789978213f16f2d/clang/lib/CIR/Dialect/Analysis/CIRBasicAliasAnalysis.cpp#L236-L245	04
repo	https://github.com/trailofbits/vast	04
repo	https://github.com/Jezurko/potato	04
blob	https://github.com/intel/llvm/blob/baecca12faa2593beace1b040b4e5185ee296579/mlir-sycl/include/mlir/Dialect/SYCL/Analysis/AliasAnalysis.h	04
blob	https://github.com/llvm/Polygeist/blob/77c04bb2a7a2406ca9480bcc9e729b07d2c8d077/README.md	04
blob	https://github.com/secure-software-engineering/phasar/blob/41d97dab7e7d629cef1c4bb8dd789034ccd77ab3/README.md	04
blob	https://github.com/llvm/llvm-project/blob/ccac700c68e92a7eabcb2f745789978213f16f2d/mlir/include/mlir/Interfaces/SideEffectInterfaces.h#L80-L87	05
blob	https://github.com/llvm/llvm-project/blob/ccac700c68e92a7eabcb2f745789978213f16f2d/mlir/include/mlir/Interfaces/SideEffectInterfaces.h#L339-L343	05
blob	https://github.com/nasa/cFE/blob/546a002515be5a1e3b66f9ae2c14f948d9cec76f/modules/sb/config/default_cfe_sb_extern_typedefs.h#L112	05
blob	https://github.com/nasa/cFE/blob/546a002515be5a1e3b66f9ae2c14f948d9cec76f/modules/core_api/fsw/inc/cfe_tbl_api_typedefs.h#L145-L170	05
blob	https://github.com/nasa/cFE/blob/546a002515be5a1e3b66f9ae2c14f948d9cec76f/modules/es/config/default_cfe_es_extern_typedefs.h#L314	05
blob	https://github.com/nasa/sample_app/blob/199476a34827ae84d50d66f97619227854cd971a/config/default_sample_app_msgids.h#L29-L31	05,07
blob	https://github.com/nasa/cFE/blob/546a002515be5a1e3b66f9ae2c14f948d9cec76f/modules/core_api/fsw/inc/cfe_tbl_api_typedefs.h#L50-L67	05
blob	https://github.com/nasa/cFE/blob/546a002515be5a1e3b66f9ae2c14f948d9cec76f/modules/core_api/fsw/inc/cfe_sb_api_typedefs.h#L45-L46	05
blob	https://github.com/nasa/cFE/blob/546a002515be5a1e3b66f9ae2c14f948d9cec76f/modules/es/config/default_cfe_es_extern_typedefs.h#L184-L214	05
blob	https://github.com/llvm/llvm-project/blob/ccac700c68e92a7eabcb2f745789978213f16f2d/mlir/include/mlir/Interfaces/SideEffectInterfaces.h#L131-L151	05
blob	https://github.com/llvm/llvm-project/blob/ccac700c68e92a7eabcb2f745789978213f16f2d/mlir/lib/Analysis/AliasAnalysis/LocalAliasAnalysis.cpp#L528-L535	05
blob	https://github.com/llvm/llvm-project/blob/ccac700c68e92a7eabcb2f745789978213f16f2d/mlir/include/mlir/Interfaces/SideEffectInterfaces.h#L159-L171	05
blob	https://github.com/llvm/llvm-project/blob/ccac700c68e92a7eabcb2f745789978213f16f2d/mlir/include/mlir/Interfaces/SideEffectInterfaces.h#L248-L255	05
blob	https://github.com/nasa/cFE/blob/546a002515be5a1e3b66f9ae2c14f948d9cec76f/modules/core_api/fsw/inc/cfe_tbl_api_typedefs.h#L59-L60	05
blob	https://github.com/nasa/cFE/blob/546a002515be5a1e3b66f9ae2c14f948d9cec76f/modules/core_api/fsw/inc/cfe_sb.h#L936	05
blob	https://github.com/nasa/cFE/blob/546a002515be5a1e3b66f9ae2c14f948d9cec76f/modules/core_api/fsw/inc/cfe_sb.h#L907	05
blob	https://github.com/nasa/cFE/blob/546a002515be5a1e3b66f9ae2c14f948d9cec76f/modules/core_api/fsw/inc/cfe_sb.h#L876	05
blob	https://github.com/nasa/cFE/blob/546a002515be5a1e3b66f9ae2c14f948d9cec76f/modules/core_api/fsw/inc/cfe_sb.h#L856	05
blob	https://github.com/nasa/cFE/blob/546a002515be5a1e3b66f9ae2c14f948d9cec76f/modules/sb/fsw/src/cfe_sb_msg_id_util.c#L200-L204	05
blob	https://github.com/nasa/cFE/blob/546a002515be5a1e3b66f9ae2c14f948d9cec76f/modules/core_api/fsw/inc/cfe_sb.h#L89	05
blob	https://github.com/nasa/cFE/blob/546a002515be5a1e3b66f9ae2c14f948d9cec76f/modules/core_api/fsw/inc/cfe_sb.h#L118	05
blob	https://github.com/nasa/cFE/blob/546a002515be5a1e3b66f9ae2c14f948d9cec76f/modules/core_api/fsw/inc/cfe_sb.h#L302	05
blob	https://github.com/nasa/cFE/blob/546a002515be5a1e3b66f9ae2c14f948d9cec76f/modules/core_api/fsw/inc/cfe_sb.h#L267	05
blob	https://github.com/nasa/cFE/blob/546a002515be5a1e3b66f9ae2c14f948d9cec76f/modules/core_api/fsw/inc/cfe_sb.h#L337	05
blob	https://github.com/nasa/cFE/blob/546a002515be5a1e3b66f9ae2c14f948d9cec76f/modules/core_api/fsw/inc/cfe_sb.h#L362	05
blob	https://github.com/nasa/cFE/blob/546a002515be5a1e3b66f9ae2c14f948d9cec76f/modules/core_api/fsw/inc/cfe_sb.h#L388	05
blob	https://github.com/nasa/cFE/blob/546a002515be5a1e3b66f9ae2c14f948d9cec76f/modules/core_api/fsw/inc/cfe_sb.h#L479	05
blob	https://github.com/nasa/cFE/blob/546a002515be5a1e3b66f9ae2c14f948d9cec76f/modules/core_api/fsw/inc/cfe_sb.h#L438	05
blob	https://github.com/nasa/cFE/blob/546a002515be5a1e3b66f9ae2c14f948d9cec76f/modules/core_api/fsw/inc/cfe_sb.h#L634	05
blob	https://github.com/nasa/cFE/blob/546a002515be5a1e3b66f9ae2c14f948d9cec76f/modules/core_api/fsw/inc/cfe_msg.h#L61	05
blob	https://github.com/nasa/cFE/blob/546a002515be5a1e3b66f9ae2c14f948d9cec76f/modules/core_api/fsw/inc/cfe_msg.h#L657	05
blob	https://github.com/nasa/cFE/blob/546a002515be5a1e3b66f9ae2c14f948d9cec76f/modules/core_api/fsw/inc/cfe_msg.h#L582	05
blob	https://github.com/nasa/cFE/blob/546a002515be5a1e3b66f9ae2c14f948d9cec76f/modules/core_api/fsw/inc/cfe_msg.h#L83	05
blob	https://github.com/nasa/cFE/blob/546a002515be5a1e3b66f9ae2c14f948d9cec76f/modules/core_api/fsw/inc/cfe_sb.h#L717	05
blob	https://github.com/nasa/cFE/blob/546a002515be5a1e3b66f9ae2c14f948d9cec76f/modules/core_api/fsw/inc/cfe_es.h#L388	05
blob	https://github.com/nasa/cFE/blob/546a002515be5a1e3b66f9ae2c14f948d9cec76f/modules/es/fsw/src/cfe_es_api.c#L453	05
blob	https://github.com/nasa/cFE/blob/546a002515be5a1e3b66f9ae2c14f948d9cec76f/modules/core_api/fsw/inc/cfe_es.h#L346	05
blob	https://github.com/nasa/cFE/blob/546a002515be5a1e3b66f9ae2c14f948d9cec76f/modules/core_api/fsw/inc/cfe_es.h#L418	05
blob	https://github.com/nasa/cFE/blob/546a002515be5a1e3b66f9ae2c14f948d9cec76f/modules/core_api/fsw/inc/cfe_es.h#L449	05
blob	https://github.com/nasa/cFE/blob/546a002515be5a1e3b66f9ae2c14f948d9cec76f/modules/core_api/fsw/inc/cfe_es.h#L822	05
blob	https://github.com/nasa/cFE/blob/546a002515be5a1e3b66f9ae2c14f948d9cec76f/modules/core_api/fsw/inc/cfe_es.h#L263	05
blob	https://github.com/nasa/cFE/blob/546a002515be5a1e3b66f9ae2c14f948d9cec76f/modules/core_api/fsw/inc/cfe_es.h#L525	05
blob	https://github.com/nasa/cFE/blob/546a002515be5a1e3b66f9ae2c14f948d9cec76f/modules/core_api/fsw/inc/cfe_es.h#L1574	05
blob	https://github.com/nasa/cFE/blob/546a002515be5a1e3b66f9ae2c14f948d9cec76f/modules/core_api/fsw/inc/cfe_tbl.h#L234	05
blob	https://github.com/nasa/cFE/blob/546a002515be5a1e3b66f9ae2c14f948d9cec76f/modules/core_api/fsw/inc/cfe_tbl.h#L275	05
blob	https://github.com/nasa/cFE/blob/546a002515be5a1e3b66f9ae2c14f948d9cec76f/modules/core_api/fsw/inc/cfe_tbl.h#L314	05
blob	https://github.com/nasa/cFE/blob/546a002515be5a1e3b66f9ae2c14f948d9cec76f/modules/core_api/fsw/inc/cfe_tbl.h#L372	05
blob	https://github.com/nasa/cFE/blob/546a002515be5a1e3b66f9ae2c14f948d9cec76f/modules/core_api/fsw/inc/cfe_tbl.h#L567	05
blob	https://github.com/nasa/cFE/blob/546a002515be5a1e3b66f9ae2c14f948d9cec76f/modules/core_api/fsw/inc/cfe_tbl.h#L597	05
blob	https://github.com/nasa/cFE/blob/546a002515be5a1e3b66f9ae2c14f948d9cec76f/modules/core_api/fsw/inc/cfe_tbl.h#L459	05
blob	https://github.com/nasa/cFE/blob/546a002515be5a1e3b66f9ae2c14f948d9cec76f/modules/core_api/fsw/inc/cfe_tbl.h#L400	05
blob	https://github.com/nasa/cFE/blob/546a002515be5a1e3b66f9ae2c14f948d9cec76f/modules/core_api/fsw/inc/cfe_tbl.h#L721	05
blob	https://github.com/nasa/cFE/blob/546a002515be5a1e3b66f9ae2c14f948d9cec76f/modules/core_api/fsw/inc/cfe_tbl.h#L752	05
blob	https://github.com/nasa/cFE/blob/546a002515be5a1e3b66f9ae2c14f948d9cec76f/modules/core_api/fsw/inc/cfe_evs.h#L105	05
blob	https://github.com/nasa/cFE/blob/546a002515be5a1e3b66f9ae2c14f948d9cec76f/modules/core_api/fsw/inc/cfe_evs.h#L155	05
blob	https://github.com/nasa/cFE/blob/546a002515be5a1e3b66f9ae2c14f948d9cec76f/modules/core_api/fsw/inc/cfe_error.h#L43	05
blob	https://github.com/nasa/cFE/blob/546a002515be5a1e3b66f9ae2c14f948d9cec76f/modules/core_api/fsw/inc/cfe_sb.h#L876-L936	05
blob	https://github.com/nasa/to_lab/blob/d27c6014cb5d2979140500f635876ee87b81995b/fsw/src/to_lab_app.c#L261	05,07
blob	https://github.com/nasa/sample_app/blob/199476a34827ae84d50d66f97619227854cd971a/fsw/src/sample_app_dispatch.c#L146-L164	05
blob	https://github.com/nasa/sample_app/blob/199476a34827ae84d50d66f97619227854cd971a/fsw/src/sample_app_dispatch.c#L86-L122	05
blob	https://github.com/nasa/sample_app/blob/199476a34827ae84d50d66f97619227854cd971a/fsw/src/sample_app.c#L69	05
blob	https://github.com/nasa/sample_app/blob/199476a34827ae84d50d66f97619227854cd971a/fsw/src/sample_app.c#L77	05
blob	https://github.com/nasa/sample_app/blob/199476a34827ae84d50d66f97619227854cd971a/fsw/src/sample_app.c#L134-L135	05
blob	https://github.com/nasa/sample_app/blob/199476a34827ae84d50d66f97619227854cd971a/fsw/src/sample_app.c#L141	05
blob	https://github.com/nasa/sample_app/blob/199476a34827ae84d50d66f97619227854cd971a/fsw/src/sample_app.c#L158	05
blob	https://github.com/nasa/sample_app/blob/199476a34827ae84d50d66f97619227854cd971a/fsw/src/sample_app.c#L173	05
blob	https://github.com/nasa/sample_app/blob/199476a34827ae84d50d66f97619227854cd971a/fsw/src/sample_app.c#L188	05
blob	https://github.com/nasa/sample_app/blob/199476a34827ae84d50d66f97619227854cd971a/fsw/src/sample_app_dispatch.c#L146-L156	05
blob	https://github.com/nasa/sample_app/blob/199476a34827ae84d50d66f97619227854cd971a/fsw/src/sample_app_cmds.c#L54-L61	05
blob	https://github.com/nasa/sample_app/blob/199476a34827ae84d50d66f97619227854cd971a/fsw/src/sample_app_cmds.c#L81	05
blob	https://github.com/nasa/sample_app/blob/199476a34827ae84d50d66f97619227854cd971a/fsw/src/sample_app_cmds.c#L123-L135	05
blob	https://github.com/nasa/sample_app/blob/199476a34827ae84d50d66f97619227854cd971a/fsw/inc/sample_app_topicids.h#L29-L33	05
blob	https://github.com/nasa/sample_app/blob/199476a34827ae84d50d66f97619227854cd971a/fsw/src/sample_app.h#L48-L72	05
blob	https://github.com/nasa/cFS/blob/5a9b075cd4c818ee8555f349a9f78ba5632d0384/sample_defs/tables/sch_lab_table.c#L66	05
blob	https://github.com/nasa/cFS/blob/5a9b075cd4c818ee8555f349a9f78ba5632d0384/sample_defs/tables/to_lab_sub.c#L78	05
blob	https://github.com/nasa/sample_app/blob/199476a34827ae84d50d66f97619227854cd971a/fsw/src/sample_app_cmds.c#L155-L166	05
blob	https://github.com/nasa/sample_app/blob/199476a34827ae84d50d66f97619227854cd971a/fsw/inc/sample_app_internal_cfg.h#L42	05
blob	https://github.com/llvm/llvm-project/blob/ccac700c68e92a7eabcb2f745789978213f16f2d/mlir/lib/Analysis/DataFlow/DeadCodeAnalysis.cpp#L192	06,10
other	https://www.microsoft.com/en-us/research/wp-content/uploads/2016/12/Time-Clocks-and-the-Ordering-of-Events-in-a-Distributed-System.pdf	06
blob	https://github.com/nasa/sample_app/blob/199476a34827ae84d50d66f97619227854cd971a/fsw/src/sample_app_dispatch.c#L132-L167	06,08,09
blob	https://github.com/nasa/cFE/blob/546a002515be5a1e3b66f9ae2c14f948d9cec76f/modules/es/fsw/src/cfe_es_api.c#L469-L472	06,10
blob	https://github.com/nasa/cFS/blob/5a9b075cd4c818ee8555f349a9f78ba5632d0384/README.md	07
blob	https://github.com/nasa/osal/blob/dad0ee99c121f2ecc11f8c0798c1e836e41d8ab1/src/bsp/generic-linux/src/bsp_start.c#L66-L75	07,08
blob	https://github.com/nasa/osal/blob/dad0ee99c121f2ecc11f8c0798c1e836e41d8ab1/src/os/posix/src/os-impl-queues.c#L59-L68	07
blob	https://github.com/nasa/SBN/blob/bf058c45bb378446a22e78627693c240ee56df1c/fsw/src/sbn_app.c#L1463-L1489	07
blob	https://github.com/nasa/CF/blob/a9c36d63522babae4ec6e14c57df7315c927c58f/fsw/src/cf_codec.c#L169	07
blob	https://github.com/nasa/CS/blob/795e387fce497c698c87a5a68f2a9014f13c3ce8/fsw/src/cs_table_processing.c#L932	07
blob	https://github.com/llvm/llvm-project/blob/ccac700c68e92a7eabcb2f745789978213f16f2d/mlir/docs/TargetLLVMIR.md#L947-L950	07,10
blob	https://github.com/nasa/sample_app/blob/199476a34827ae84d50d66f97619227854cd971a/fsw/src/sample_app_dispatch.c#L134-L158	07
blob	https://github.com/nasa/cFE/blob/546a002515be5a1e3b66f9ae2c14f948d9cec76f/modules/sb/fsw/src/cfe_sb_eds_msg_id_util.c#L231-L235	07,10
blob	https://github.com/nasa/sch_lab/blob/607e2f90c5f828f3f3ae655a4debacf8b2cc4bbb/fsw/src/sch_lab_app.c#L130	07
blob	https://github.com/llvm/llvm-project/blob/ccac700c68e92a7eabcb2f745789978213f16f2d/llvm/CMakeLists.txt#L222-L227	07
repo	https://github.com/nasa/cFS	07*
blob	https://github.com/nasa/LC/blob/32c76661dc339247d1c3b9250ed27dd18c34a344/fsw/src/lc_cmds.c#L91-L103	08
blob	https://github.com/nasa/sch_lab/blob/607e2f90c5f828f3f3ae655a4debacf8b2cc4bbb/fsw/src/sch_lab_app.c#L116	08,09
blob	https://github.com/nasa/cFE/blob/546a002515be5a1e3b66f9ae2c14f948d9cec76f/modules/es/fsw/src/cfe_es_apps.c#L681-L684	08
blob	https://github.com/nasa/cFS/blob/5a9b075cd4c818ee8555f349a9f78ba5632d0384/sample_defs/tables/sch_lab_table.c#L55-L82	08
blob	https://github.com/nasa/LC/blob/32c76661dc339247d1c3b9250ed27dd18c34a344/fsw/tables/lc_def_wdt.c	08
blob	https://github.com/nasa/sample_app/blob/199476a34827ae84d50d66f97619227854cd971a/fsw/src/sample_app_cmds.c#L114-L140	08
blob	https://github.com/nasa/sample_app/blob/199476a34827ae84d50d66f97619227854cd971a/fsw/src/sample_app.c#L188-L202	08
blob	https://github.com/nasa/HK/blob/0dc16b7a7bab71747b9c063cf405ad59a65a40a5/fsw/src/hk_utils.c#L545-L640	08
blob	https://github.com/nasa/HK/blob/0dc16b7a7bab71747b9c063cf405ad59a65a40a5/fsw/src/hk_utils.c#L460-L504	08
blob	https://github.com/nasa/LC/blob/32c76661dc339247d1c3b9250ed27dd18c34a344/fsw/src/lc_watch.c#L358-L460	08
blob	https://github.com/nasa/LC/blob/32c76661dc339247d1c3b9250ed27dd18c34a344/fsw/src/lc_action.c#L297-L475	08
blob	https://github.com/nasa/sch_lab/blob/607e2f90c5f828f3f3ae655a4debacf8b2cc4bbb/fsw/src/sch_lab_app.c#L93-L137	08
blob	https://github.com/nasa/ogma/blob/08b384b4335cce324fac74577adc7f08e61b7cce/ogma-core/src/Command/CFSApp.hs	08
blob	https://github.com/nasa/cFE/blob/546a002515be5a1e3b66f9ae2c14f948d9cec76f/modules/es/fsw/src/cfe_es_start.c#L195-L202	08,09
commit	https://github.com/nasa/cFE/commit/792f5e3594c10e21a3560479bb72ea0584eb8ead	08,09
blob	https://github.com/nasa/cFE/blob/546a002515be5a1e3b66f9ae2c14f948d9cec76f/modules/sb/fsw/src/cfe_sb_priv.c#L1067-L1089	08
blob	https://github.com/github/codeql/blob/f1d3f1defc5ca73bcf1ed48031fb31c62fd91952/cpp/ql/lib/semmle/code/cpp/ir/dataflow/internal/DataFlowPrivate.qll	08
tree	https://github.com/goblint/analyzer/tree/d0ee7d5b0e2b6c12f0d33a285973397ab29eb9fa	08
blob	https://github.com/FireflySpace/fprime-topo-analysis/blob/f0db61c55e04c2e60a076656eddaf9490316be69/README.md	08
other	https://ntts-prod.s3.amazonaws.com/t2p/prod/software/NASA_Software_Catalog_2025-26.pdf	10
blob	https://github.com/nasa/cFE/blob/546a002515be5a1e3b66f9ae2c14f948d9cec76f/modules/sb/fsw/src/cfe_sb_priv.c#L1055-L1064	10
blob	https://github.com/nasa/cFE/blob/546a002515be5a1e3b66f9ae2c14f948d9cec76f/modules/sb/fsw/src/cfe_sb_priv.c#L1004-L1012	10
blob	https://github.com/nasa/cFE/blob/546a002515be5a1e3b66f9ae2c14f948d9cec76f/modules/sb/fsw/src/cfe_sb_priv.c#L1187-L1188	10
blob	https://github.com/nasa/cFE/blob/9e5d452a854753c9314362d8ddfae6f8a7f69a58/modules/sb/fsw/src/cfe_sb_api.c	10
blob	https://github.com/nasa/osal/blob/dad0ee99c121f2ecc11f8c0798c1e836e41d8ab1/src/os/posix/src/os-impl-queues.c#L59-L69	10
blob	https://github.com/nasa/osal/blob/5befd8e9f6c62b44bb7ff4c15db8629c0e00efa0/src/os/posix/src/os-impl-tasks.c#L227-L457	10
blob	https://github.com/nasa/cFE/blob/546a002515be5a1e3b66f9ae2c14f948d9cec76f/modules/core_api/fsw/inc/cfe_tbl.h#L536-L544	10
blob	https://github.com/nasa/cFE/blob/2105b9324eca7dd58b4d6aea17628d10956dcfdb/fsw/cfe-core/src/tbl/cfe_tbl_internal.c#L568-L619	10
commit	https://github.com/nasa/cFE/commit/c1ab1b77f9e0	10
blob	https://github.com/nasa/sch_lab/blob/607e2f90c5f828f3f3ae655a4debacf8b2cc4bbb/fsw/src/sch_lab_app.c#L243-L248	10
blob	https://github.com/nasa/cFE/blob/546a002515be5a1e3b66f9ae2c14f948d9cec76f/modules/sb/fsw/src/cfe_sb_api.c#L428	10
blob	https://github.com/llvm/llvm-project/blob/ccac700c68e92a7eabcb2f745789978213f16f2d/mlir/docs/Tutorials/DataFlowAnalysis.md#L182-L245	10
raw	https://raw.githubusercontent.com/booksbyus/zguide/6752d24b215997aa161e6896941bfd6010d4d3f5/chapter1.txt	10
